id,username,user_profile,following_btn,unfollow_btn,time_unfollowed
1318796086,khanjan_108,https://www.instagram.com/khanjan_108,0,0,2019-06-26 06:28:27.985047
6853986973,xd_lilghost,https://www.instagram.com/xd_lilghost,0,0,2019-06-26 06:29:00.299607
6949167118,nidhi_sharma234,https://www.instagram.com/nidhi_sharma234,0,0,2019-06-26 06:29:32.235905
4212011071,orriblelbirro_meme_arcudi,https://www.instagram.com/orriblelbirro_meme_arcudi,0,0,2019-06-26 06:30:04.347482
1367490612,_.fikkk,https://www.instagram.com/_.fikkk,0,0,2019-06-26 06:30:35.989342
3153324133,michael.born23,https://www.instagram.com/michael.born23,0,0,2019-06-26 06:31:07.996474
1954513172,ruinedyogi31,https://www.instagram.com/ruinedyogi31,0,0,2019-06-26 06:31:40.117468
6169821330,spiderboi__,https://www.instagram.com/spiderboi__,0,0,2019-06-26 06:32:13.808765
7975325727,garub1n,https://www.instagram.com/garub1n,0,0,2019-06-26 06:32:46.634686
7716062978,d.r_2008,https://www.instagram.com/d.r_2008,0,0,2019-06-26 06:33:19.892557
8931252094,gay_boooiiiiiiiiiiiiiiiiiii,https://www.instagram.com/gay_boooiiiiiiiiiiiiiiiiiii,0,0,2019-06-26 06:33:51.965234
4785492213,onsm_pac_87,https://www.instagram.com/onsm_pac_87,0,0,2019-06-26 06:34:24.156520
6843615875,favored_one_official,https://www.instagram.com/favored_one_official,0,0,2019-06-26 06:34:57.365088
8744103175,tb_camix,https://www.instagram.com/tb_camix,0,0,2019-06-26 06:35:29.436752
8239914656,bbgclanorg,https://www.instagram.com/bbgclanorg,0,0,2019-06-26 06:36:01.626998
8354137978,blogby_tay,https://www.instagram.com/blogby_tay,0,0,2019-06-26 06:36:33.492039
2079945079,sixturee,https://www.instagram.com/sixturee,0,0,2019-06-26 06:37:05.422867
5436892391,im_ryden,https://www.instagram.com/im_ryden,0,0,2019-06-26 06:37:37.482578
8601210646,beardedskillz,https://www.instagram.com/beardedskillz,0,0,2019-06-26 06:38:09.512151
8180892721,3dzd_,https://www.instagram.com/3dzd_,0,0,2019-06-26 06:38:41.593509
7516178358,fortnite_plug_docter,https://www.instagram.com/fortnite_plug_docter,1,nan,2019-06-26 06:39:01.963787
1315131740,therealsneakysneek,https://www.instagram.com/therealsneakysneek,0,0,2019-06-26 06:39:34.476112
8479977078,sjsijdjejendb,https://www.instagram.com/sjsijdjejendb,0,0,2019-06-26 06:40:06.415089
8732324104,6lam_music,https://www.instagram.com/6lam_music,0,0,2019-06-26 06:40:39.075005
245790632,rampagedlegend,https://www.instagram.com/rampagedlegend,0,0,2019-06-26 06:41:11.015758
7441472097,pocmousetellers,https://www.instagram.com/pocmousetellers,0,0,2019-06-26 06:41:42.998957
2110513880,athel_wolf,https://www.instagram.com/athel_wolf,0,0,2019-06-26 06:43:15.769291
202614665,zigster_20,https://www.instagram.com/zigster_20,0,0,2019-06-26 06:43:47.859332
2021711757,j_tootrill,https://www.instagram.com/j_tootrill,0,0,2019-06-26 06:44:20.812634
8558568112,nostalgicpchardware,https://www.instagram.com/nostalgicpchardware,0,0,2019-06-26 06:44:52.897649
8748698089,yungdominic_,https://www.instagram.com/yungdominic_,0,0,2019-06-26 06:45:24.951710
4459985821,nesferaatu,https://www.instagram.com/nesferaatu,0,0,2019-06-26 06:45:57.134177
8991414089,foemagz,https://www.instagram.com/foemagz,0,0,2019-06-26 06:46:29.041693
1693687440,crvstalortiz,https://www.instagram.com/crvstalortiz,0,0,2019-06-26 06:47:01.105345
3509318451,rey_imperial,https://www.instagram.com/rey_imperial,0,0,2019-06-26 06:47:33.782908
277104899,nicolegiura_,https://www.instagram.com/nicolegiura_,1,nan,2019-06-26 06:47:54.098391
5684247152,dridritomboy,https://www.instagram.com/dridritomboy,0,0,2019-06-26 06:48:26.707299
1677509734,qqtt4,https://www.instagram.com/qqtt4,0,0,2019-06-26 06:48:58.967149
8533882981,backup_noticed,https://www.instagram.com/backup_noticed,1,nan,2019-06-26 06:49:19.275289
7292203583,haze.fn,https://www.instagram.com/haze.fn,0,0,2019-06-26 06:49:51.223080
7980205774,bctalldaway,https://www.instagram.com/bctalldaway,0,0,2019-06-26 06:50:23.815237
7601126089,teamalrt,https://www.instagram.com/teamalrt,0,0,2019-06-26 06:50:55.593103
8584519053,fluent.mount,https://www.instagram.com/fluent.mount,1,nan,2019-06-26 06:51:15.880756
9014333254,yoswish_,https://www.instagram.com/yoswish_,0,0,2019-06-26 06:51:47.695221
8516525535,bestlogoscreator_,https://www.instagram.com/bestlogoscreator_,0,0,2019-06-26 06:52:19.391481
7545176684,69king.joker69,https://www.instagram.com/69king.joker69,0,0,2019-06-26 06:52:51.290470
8747624508,astro.ferron,https://www.instagram.com/astro.ferron,1,nan,2019-06-26 06:53:11.583133
8592477877,collegecandies,https://www.instagram.com/collegecandies,0,0,2019-06-26 06:53:43.435831
5362787269,blackcrystalpin,https://www.instagram.com/blackcrystalpin,0,0,2019-06-26 06:54:15.415224
5696419889,juicyjamesplays,https://www.instagram.com/juicyjamesplays,0,0,2019-06-26 06:54:47.347594
2899514660,joesalejjandro,https://www.instagram.com/joesalejjandro,0,0,2019-06-26 06:55:19.906499
7957792880,stylishrook89,https://www.instagram.com/stylishrook89,0,0,2019-06-26 06:56:52.786804
8628724095,dolce___shop,https://www.instagram.com/dolce___shop,0,0,2019-06-26 06:57:25.022619
8466016362,ma_.riee,https://www.instagram.com/ma_.riee,0,0,2019-06-26 06:57:56.682368
414323289,da_sh__t,https://www.instagram.com/da_sh__t,0,0,2019-06-26 06:58:28.713960
2680699849,isaiah4_20,https://www.instagram.com/isaiah4_20,1,nan,2019-06-26 06:58:49.036024
8593235622,lxtusgxld,https://www.instagram.com/lxtusgxld,0,0,2019-06-26 06:59:21.629233
7426499128,quiznetdc,https://www.instagram.com/quiznetdc,0,0,2019-06-26 06:59:53.224649
8991012874,glonavynasa,https://www.instagram.com/glonavynasa,0,0,2019-06-26 07:00:25.248502
8059681852,augesports,https://www.instagram.com/augesports,0,0,2019-06-26 07:00:57.438702
6097877653,he1ioz,https://www.instagram.com/he1ioz,1,nan,2019-06-26 07:01:18.840938
1913385277,nocty.exe,https://www.instagram.com/nocty.exe,0,0,2019-06-26 07:01:50.730370
5693277166,legacyxb,https://www.instagram.com/legacyxb,0,0,2019-06-26 07:02:23.140237
3019002272,johnzimmermanvi,https://www.instagram.com/johnzimmermanvi,0,0,2019-06-26 07:02:55.232053
7509447084,lordalmightydaily,https://www.instagram.com/lordalmightydaily,0,0,2019-06-26 07:03:27.243611
5348435888,shopgtahomes,https://www.instagram.com/shopgtahomes,0,0,2019-06-26 07:03:59.604843
7573180084,endaa_goahead,https://www.instagram.com/endaa_goahead,0,0,2019-06-26 07:04:32.168066
7321133511,griz_waffle,https://www.instagram.com/griz_waffle,0,0,2019-06-26 07:05:04.488309
7406071730,endozz_,https://www.instagram.com/endozz_,0,0,2019-06-26 07:05:36.256059
8224238105,thegaminghound,https://www.instagram.com/thegaminghound,0,0,2019-06-26 07:06:08.429778
43285168,mikehoff94,https://www.instagram.com/mikehoff94,0,0,2019-06-26 07:06:40.356214
5788772616,sceeexk,https://www.instagram.com/sceeexk,0,0,2019-06-26 07:07:12.677144
4455409505,a.buff.beaner,https://www.instagram.com/a.buff.beaner,0,0,2019-06-26 07:07:44.553533
8723117520,render_bs,https://www.instagram.com/render_bs,1,nan,2019-06-26 07:08:04.945331
7575668966,mystic_raptor,https://www.instagram.com/mystic_raptor,0,0,2019-06-26 07:08:36.980004
7414946157,wohzr,https://www.instagram.com/wohzr,0,0,2019-06-26 07:09:08.544632
8355324300,leoitoes_,https://www.instagram.com/leoitoes_,0,0,2019-06-26 07:10:40.943853
369790594,janniswerner,https://www.instagram.com/janniswerner,0,0,2019-06-26 07:11:13.127865
1628176587,angelo_celani115,https://www.instagram.com/angelo_celani115,0,0,2019-06-26 07:11:45.671264
8742039288,nut.hut,https://www.instagram.com/nut.hut,0,0,2019-06-26 07:12:18.905169
7186228066,venu5girl,https://www.instagram.com/venu5girl,0,0,2019-06-26 07:12:51.041181
8331208185,nk.omr,https://www.instagram.com/nk.omr,0,0,2019-06-26 07:13:22.999054
8740492537,memeswithhorsepower,https://www.instagram.com/memeswithhorsepower,0,0,2019-06-26 07:13:55.473451
8261395274,ene.mone,https://www.instagram.com/ene.mone,0,0,2019-06-26 07:14:31.053928
8358995032,sunshine.m1ra,https://www.instagram.com/sunshine.m1ra,0,0,2019-06-26 07:15:03.294029
8352024434,andraxlino,https://www.instagram.com/andraxlino,0,0,2019-06-26 07:15:35.596344
8579065131,stampysbbq,https://www.instagram.com/stampysbbq,0,0,2019-06-26 07:16:11.004947
8443823579,die_rsg,https://www.instagram.com/die_rsg,0,0,2019-06-26 07:16:43.781617
7701172071,oldaccount157982346,https://www.instagram.com/oldaccount157982346,0,0,2019-06-26 07:17:17.229087
5499195385,oracleofficial_,https://www.instagram.com/oracleofficial_,0,0,2019-06-26 07:17:49.357273
8659758367,cheeb_ss,https://www.instagram.com/cheeb_ss,0,0,2019-06-26 07:18:22.053338
5350019643,zicota.xbl,https://www.instagram.com/zicota.xbl,0,0,2019-06-26 07:18:54.235676
4569833761,thereckless_king,https://www.instagram.com/thereckless_king,0,0,2019-06-26 07:19:26.758597
956971611,lowaboi,https://www.instagram.com/lowaboi,0,0,2019-06-26 07:19:58.790822
9002261694,mhmt_tncr123hshd,https://www.instagram.com/mhmt_tncr123hshd,0,0,2019-06-26 07:20:31.036977
3125377333,stylebystephwest,https://www.instagram.com/stylebystephwest,0,0,2019-06-26 07:21:04.181884
1367762420,honestgeminii,https://www.instagram.com/honestgeminii,0,0,2019-06-26 07:21:36.913226
2062295629,keyofken,https://www.instagram.com/keyofken,0,0,2019-06-26 07:22:08.858973
8900557838,nerfixx,https://www.instagram.com/nerfixx,0,0,2019-06-26 07:22:40.769978
8410458138,the_real_imprezv,https://www.instagram.com/the_real_imprezv,0,0,2019-06-26 07:23:12.965771
